{"cameraMode":{"drawMode":0,"name":"Shaded","section":"Shading Mode"},"sceneLighting":true,"audioPlay":false,"sceneViewState":{"m_AlwaysRefresh":false,"showFog":true,"showSkybox":true,"showFlares":true,"showImageEffects":true,"showParticleSystems":true,"showVisualEffectGraphs":true,"m_FxEnabled":true},"in2DMode":false,"pivot":{"x":-1.8539162874221802,"y":-0.029074907302856447,"z":2.3639373779296877},"rotation":{"x":-0.04599352553486824,"y":0.9534911513328552,"z":-0.22608138620853425,"w":-0.19397631287574769},"size":5.707395553588867,"orthographic":false}